{"cameraMode":{"drawMode":0,"name":"Shaded","section":"Shading Mode"},"sceneLighting":true,"audioPlay":false,"sceneViewState":{"m_AlwaysRefresh":false,"showFog":true,"showSkybox":true,"showFlares":true,"showImageEffects":true,"showParticleSystems":true,"showVisualEffectGraphs":true,"m_FxEnabled":true},"in2DMode":false,"pivot":{"x":4.067345142364502,"y":8.220027923583985,"z":2.8188652992248537},"rotation":{"x":0.0417342483997345,"y":-0.5737628936767578,"z":0.029290882870554925,"w":0.8174299001693726},"size":12.050849914550782,"orthographic":false}